alpha,mean_angle_error,max_angle_error,failure_rate_error_gt_1deg,failure_rate_error_gt_3deg,mean_psnr_sync,mean_ssim_sync,mean_anchor_oracle_score,mean_anchor_sync_score,mean_anchor_remove_score,mean_vae_mse_sync,mean_vae_cos_sync
0.001,40.38636363636363,177.0,0.36363636363636365,0.36363636363636365,60.057213192242756,0.9995480133360314,0.01903902773152698,0.015856935473328285,-2.7095904277468268e-05,nan,nan
0.002,40.38636363636363,177.0,0.36363636363636365,0.36363636363636365,54.03929559341943,0.9981992391224341,0.035078456456010994,0.026132725856520912,-1.9797993114810776e-05,nan,nan
0.003,40.38636363636363,177.0,0.36363636363636365,0.36363636363636365,50.522600721860705,0.9959759657692087,0.05107220363887874,0.036377979781139984,-1.2259258338334886e-05,nan,nan
0.005,40.38636363636363,177.0,0.36363636363636365,0.36363636363636365,46.09806672637483,0.9890518194285469,0.08285614644939249,0.05673352315683256,2.9330099509520964e-06,nan,nan
