image_id,alpha,rmin,rmax,theta_gt,theta_hat,angle_error,ncc_score,psnr_sync,ssim_sync,vae_mse_sync,vae_cos_sync,zt_mse_sync,zt_cos_sync,base_score,oracle_score,anchorsync_score,anchorsync_remove_score,anchor_base_score,anchor_oracle_score,anchor_sync_score,anchor_remove_score,alpha_hat
sample_512,0.003,0.12,0.28,15.0,15.0,0.0,0.06829711049795151,50.4604325725677,0.994682162648799,nan,nan,nan,nan,nan,nan,nan,nan,-0.001708298921585083,0.06288471817970276,0.06288471817970276,4.6600591304013506e-05,0.002230959911306511
sample_512,0.003,0.12,0.28,45.0,45.0,0.0,0.07554875314235687,50.4604325725677,0.994682162648799,nan,nan,nan,nan,nan,nan,nan,nan,-0.0033337711356580257,0.05972271412611008,0.05972271412611008,-0.00021227379329502583,0.0022571938681222358
