method,alpha,mean_angle_error,max_angle_error,failure_rate_error_gt_1deg,failure_rate_error_gt_3deg,mean_runtime_ms,mean_psnr_sync,mean_ssim_sync,mean_anchor_oracle_score,mean_anchor_sync_score,mean_anchor_remove_score
v0,0.003,101.875,175.0,1.0,1.0,33.42454228550196,50.46746076751428,0.9974265315807532,0.045874572700995486,0.0296440254933259,0.0018397735075268429
v1,0.003,100.4375,163.0,1.0,1.0,11.577720317291096,50.46593609868176,0.9974684614920475,0.04048140096710995,0.009227468781318748,6.007237971061841e-06
