alpha,mean_angle_error,max_angle_error,failure_rate_error_gt_1deg,failure_rate_error_gt_3deg,mean_psnr_sync,mean_ssim_sync,mean_anchor_oracle_score,mean_anchor_sync_score,mean_anchor_remove_score,mean_vae_mse_sync,mean_vae_cos_sync
0.001,27.65909090909091,123.0,0.36363636363636365,0.36363636363636365,60.00273335002773,0.9994026542378758,0.02132140218534253,0.01810613393106244,0.0004259294926834462,nan,nan
0.002,27.65909090909091,123.0,0.36363636363636365,0.36363636363636365,53.98216012317847,0.9976204070039181,0.042126395824280655,0.03145875155248425,0.0004369870856118558,nan,nan
0.003,19.136363636363637,123.0,0.36363636363636365,0.36363636363636365,50.4604325725677,0.9946821626487989,0.06287197938019579,0.04484248542311517,0.00024313789551590824,nan,nan
0.005,10.613636363636363,29.25,0.36363636363636365,0.36363636363636365,46.023696648329,0.9855397391001418,0.10406862673434344,0.0714046202430671,6.901097036792304e-05,nan,nan
