method,alpha,mean_angle_error,max_angle_error,failure_rate_error_gt_1deg,failure_rate_error_gt_3deg,mean_runtime_ms,mean_psnr_sync,mean_ssim_sync,mean_anchor_oracle_score,mean_anchor_sync_score,mean_anchor_remove_score
v1,0.001,93.36647727272727,169.0,1.0,1.0,147.10787757807836,60.01278576019709,0.9995961174084749,0.017430526748781136,0.002068248638848176,2.599288936008551e-07
v1,0.002,93.48295454545455,169.0,1.0,1.0,146.64423395879567,53.99296830933526,0.9983891715029263,0.034695964968043634,0.002033541300079378,2.3051542153883597e-07
v1,0.003,92.01136363636364,169.0,1.0,1.0,145.5767782807181,50.47284295335118,0.9963935539003728,0.0519011620410972,0.0020984395986157656,2.179806415369967e-07
v1,0.005,92.98579545454545,169.0,0.9943181818181818,0.9943181818181818,146.84527437202632,46.03985240557051,0.9901322171279077,0.08602827467786317,0.0029731955634236906,2.2255827306335876e-07
