alpha,mean_angle_error,max_angle_error,failure_rate_error_gt_1deg,failure_rate_error_gt_3deg,mean_psnr_sync,mean_ssim_sync,mean_anchor_oracle_score,mean_anchor_sync_score,mean_anchor_remove_score,mean_vae_mse_sync,mean_vae_cos_sync
0.001,37.06534090909091,173.0,0.46875,0.4630681818181818,60.0123548597909,0.9996024694934517,0.018386270517525685,0.016101492824170484,0.00015982479838137144,0.000620713125954353,0.9995729133060471
0.002,28.366477272727273,173.0,0.36363636363636365,0.35795454545454547,53.99284569142942,0.9984156644259613,0.03726408054618249,0.027876463258342647,0.00012369762560576254,0.0028639165298045555,0.9980708430256968
0.003,28.469460227272727,173.0,0.36363636363636365,0.35795454545454547,50.473135958346,0.9964570153886345,0.05607141158543527,0.03992733081395272,0.00013260952695501064,0.0065779544711404014,0.9955800424169229
0.005,28.703835227272727,173.0,0.36363636363636365,0.35511363636363635,46.040896229274544,0.9903386076805493,0.09335856006311422,0.06378292982514143,0.00012335274517350956,0.016550245600228664,0.9887158876354463
