method,alpha,mean_angle_error,max_angle_error,failure_rate_error_gt_1deg,failure_rate_error_gt_3deg,mean_runtime_ms,mean_psnr_sync,mean_ssim_sync,mean_anchor_oracle_score,mean_anchor_sync_score,mean_anchor_remove_score
v1_magmod,0.005,97.9346590909091,171.0,1.0,1.0,147.84780206074092,73.47958738542624,0.999987991302999,-0.002352416720234694,0.005403137856856946,3.1934354493304538e-06
v1_magmod,0.01,98.39772727272727,171.0,1.0,1.0,147.1014522248879,67.45902295466797,0.9999519716546792,-0.0023508523684292663,0.00532488209856555,2.758798927970929e-06
v1_magmod,0.02,97.23863636363636,171.0,0.9914772727272727,0.9914772727272727,146.91164657812226,61.43853968356578,0.9998079878149938,-0.0023476125771511843,0.0052097052765186,2.81200544288202e-06
v1_magmod,0.03,98.7840909090909,180.0,0.9886363636363636,0.9886363636363636,148.15511692061344,57.91708083561953,0.9995683845136392,-0.002344228431618169,0.005344109607656058,2.6586328038485423e-06
