image_id,alpha,rmin,rmax,theta_gt,theta_hat,angle_error,ncc_score,psnr_sync,ssim_sync,vae_mse_sync,vae_cos_sync,zt_mse_sync,zt_cos_sync,base_score,oracle_score,anchorsync_score,anchorsync_remove_score,anchor_base_score,anchor_oracle_score,anchor_sync_score,anchor_remove_score,alpha_hat
sd15_sample_256,0.001,0.12,0.28,15.0,140.0,125.0,0.026675475761294365,60.1859276862274,0.9995288054584431,nan,nan,nan,nan,nan,nan,nan,nan,0.004949425812810659,0.0180035550147295,0.023007052019238472,0.001161607215180993,0.0007141652011373759
sd15_sample_256,0.001,0.12,0.28,45.0,170.0,125.0,0.02237018197774887,60.1859276862274,0.9995288054584431,nan,nan,nan,nan,nan,nan,nan,nan,-0.0017253959085792303,0.01617509499192238,0.021552937105298042,0.00022005930077284575,0.0006960810693438989
sd15_sample_256,0.001,0.12,0.28,90.0,-145.0,125.0,0.023338325321674347,60.1859276862274,0.9995288054584431,nan,nan,nan,nan,nan,nan,nan,nan,0.008297925814986229,0.0207096915692091,0.02241164818406105,0.0006718733347952366,0.0007856609768069373
sd15_sample_256,0.003,0.12,0.28,15.0,15.0,0.0,0.0682448148727417,50.668244192918486,0.9957943658746236,nan,nan,nan,nan,nan,nan,nan,nan,0.004955090116709471,0.06329651921987534,0.06329651921987534,-0.0007590401219204068,0.002000375537224146
sd15_sample_256,0.003,0.12,0.28,45.0,45.0,0.0,0.06506656110286713,50.668244192918486,0.9957943658746236,nan,nan,nan,nan,nan,nan,nan,nan,-0.0021211409475654364,0.05780961364507675,0.05780961364507675,-0.0005101022543385625,0.001984053875300519
sd15_sample_256,0.003,0.12,0.28,90.0,90.0,0.0,0.07228066027164459,50.668244192918486,0.9957943658746236,nan,nan,nan,nan,nan,nan,nan,nan,0.008394640870392323,0.072280652821064,0.072280652821064,-0.0008382201194763184,0.002691332178418766
